dataset,modo,config,threads,block,schedule,chunk,tempo_ms,throughput_pts_s,speedup_seq,speedup_omp
g,seq,seq,,,NA,NA,33.3,30030030.03003003,1.0,
g,mpi,mpi_P4,4.0,,NA,NA,20.074,49815681.976686254,1.6588622098236523,
m,seq,seq,,,NA,NA,1.8,55555555.55555555,1.0,
m,mpi,mpi_P4,4.0,,NA,NA,1.727,57903879.55993051,1.0422698320787493,
p,seq,seq,,,NA,NA,0.1,100000000.0,1.0,
p,mpi,mpi_P2,2.0,,NA,NA,0.215,46511627.906976745,0.4651162790697675,
